{"cameraMode":{"drawMode":0,"name":"Shaded","section":"Shading Mode"},"sceneLighting":true,"audioPlay":false,"sceneViewState":{"showFog":false,"showMaterialUpdate":false,"showSkybox":false,"showFlares":false,"showImageEffects":false,"showParticleSystems":false},"in2DMode":false,"pivot":{"x":6.290005207061768,"y":-18.509138107299806,"z":17.433124542236329},"rotation":{"x":-0.4181964695453644,"y":-0.16682755947113038,"z":0.07843786478042603,"w":-0.889453649520874},"size":33.390892028808597,"orthographic":false}